"receiptsn5","receiptslogn5","receiptsn100","receiptslogn100"
1162667.8,13.6174202891596,1164095.87,13.7995012181
990814.8,13.6904235523905,1160757.9,13.7674501388999
918402.2,13.6208037355505,1148450.28,13.739157030151
1387479,14.076089826927,1133800.43,13.7341997742553
1012946.4,13.5868511450348,1106614.67,13.6949286186716
1069315.8,13.4492981350287,1082181.85,13.6602484264125
1159811.8,13.8907365773738,1129326.8,13.7416425514202
1267056.8,13.9668149256703,1174251.86,13.7707035647003
622126.8,13.2844963918072,1069501.72,13.763321192423
794158.2,13.3081415666166,1060243.57,13.738922210603
1213826.8,13.9277990409317,1111641.35,13.7378262330605
1473289.4,14.1680585954977,1047131.4,13.6938802499391
898766.8,13.4678887163512,1184886.33,13.7841144256233
1137103.4,13.8865906406683,1154391.04,13.7537062237428
910066.4,13.4802504854383,1026413.88,13.663214009877
1122758,13.893345571512,1010216.71,13.6701790076611
634629,13.2644025485136,1122380.55,13.7314781749514
1114716.4,13.7242133881985,1064114.09,13.6853079115929
773937,13.3941332307453,1039338.93,13.6488652249953
790460.6,13.5439654548782,1105875.1,13.7351269992333
941486,13.677813652888,1021065.7,13.6851400750598
1359145.8,13.9596128203086,1124701.18,13.7577473569509
748760.6,13.2872596068024,983593.86,13.6244507572
1042445.4,13.6381814826701,1043142.05,13.6732692263692
1192681,13.7359056681286,1072655.35,13.7164147063546
1272392.2,14.0159284235946,1134835.99,13.7723944854693
1288707.2,14.0053214624899,1047915.48,13.6745145441825
904994.2,13.6175876301069,1072288.55,13.6688034516622
1053936.2,13.818955241684,1109357.12,13.7026882180376
1145046.6,13.882934707092,1056003.6,13.7138456380263
1153882.6,13.7859531158139,1109367.09,13.6966466836063
1435210.6,13.9913810357909,1036002.06,13.6985154857106
1299958.2,13.9427533513963,1113444.26,13.7585008185893
831591.4,13.4817061400347,1126143.99,13.7460464513954
1166197,13.9277174698292,1048062.48,13.6555347738521
1385097.8,14.0269349540656,1097328.08,13.6966410929586
727029.2,13.2727005462579,1024520.98,13.6630564290583
1069477.8,13.856748386615,1191117.78,13.7619370241347
1040071.6,13.6912933347857,1037248.43,13.6641812295181
787935,13.5072251042002,1122992.39,13.70805791484
794998.8,13.4989932838233,1104105.15,13.7098196270255
634424.4,13.1287499713386,1067141.77,13.7293605387178
1090978.6,13.8875690773164,1134248.82,13.7194424236077
1557433.2,14.0512905543761,1181722.1,13.7487689418853
1547116.6,14.0979935306311,1116138.24,13.7249551873899
934679.6,13.6692328713976,1092245.59,13.6963685394747
1219578.2,13.7785136706397,1121397.17,13.7395331887662
1021666.8,13.8103058125329,1062304.51,13.7049705675938
709455.6,13.4284091701595,1174282.4,13.7667510001108
718896.2,13.3040451532335,1047894.95,13.6991399972697
1012603,13.7332084924276,1124412.76,13.7084504639903
1065576.6,13.8212880430513,1135741.6,13.7547682897473
1198241.6,13.824809994817,1038965.11,13.6916715925996
1021719.2,13.7018611569702,1231149.39,13.8221104691261
1070387.2,13.7064064108968,1077379.16,13.7311234825586
1503683.2,14.0586747094199,1096222.1,13.7183591007834
824931,13.4604407117732,1134962.62,13.7275881819517
859292,13.4322418182084,1106708.31,13.716443901836
1158197.4,13.8416197152932,1141713.17,13.7301802426328
705645.6,13.3908711970387,1076101.85,13.7014308784121
779143.2,13.4813686017804,1057483.39,13.6603944198412
1218400.8,13.7548893531899,1065173.78,13.7138989285426
669626.8,13.3647711967137,1066470.08,13.7236747993383
1503338,14.1206385658692,1112137.34,13.7093629323424
1406670.4,14.0507928254212,1157515.63,13.7262713724462
1169801.6,13.9162877933715,1061552.99,13.6969952072299
898630.8,13.4026633764593,1065787.35,13.728648050351
584373,13.2139336355284,1071545.35,13.7098488226135
801669.6,13.5780213019576,1199494.63,13.7610767938602
856771.2,13.4419901245394,1034522.83,13.6806354621137
3017536.8,14.4763812004911,1170918.59,13.7497030756069
475861.4,12.9510043738163,966854.12,13.6666279473395
675566.4,13.2942533043809,1066078.44,13.6397799648772
1448711.4,14.1269357236378,1086569.32,13.730349123728
1490663,14.0871957940489,1177427.57,13.7890625622206
908987.8,13.5032135332113,1118130.26,13.68819163287
1239649.4,13.9403925123859,1207471.16,13.7804489409646
924129.2,13.428169269779,1077211.93,13.6678952472694
747639,13.4679516052968,1182087.37,13.7852442547546
878139,13.5888978429264,1171360.48,13.719623605271
1266079.8,13.8340574191282,1042508.9,13.6873203378379
1524083.6,14.1657992183705,1048676.8,13.6966859037155
1088857.4,13.8349369959928,1085378.3,13.7184573530456
703437.2,13.371002956219,1045782.6,13.6958920916702
932813.2,13.6210465011528,1145727.1,13.7366098380584
998703.6,13.6968334734009,1161126.07,13.7570020047015
1221865.8,13.8909611807517,1050566.26,13.668795818027
1016452.8,13.5539082265153,1095000.39,13.6425723443936
1752315.4,14.1730927528209,1071123.31,13.7084390813683
928718.6,13.5811130886019,1071001.05,13.6949034425526
1802510.2,14.1652843312531,1154905.85,13.7248643278159
1625497.2,14.1371996529548,990168.6,13.6174058842833
945462.8,13.6905262628052,1137873.93,13.802701642562
1296955.8,13.893530335471,1008911.71,13.5978539566902
805577.8,13.5483805359648,1086364.19,13.6857394285928
1019355.6,13.7902996886541,1010472.73,13.6902600428004
1269911,13.995664893177,1081808.87,13.7124372619977
1199754.4,13.8469555732022,1094096.11,13.6865387950949
660269.8,13.2758688548528,1197203.19,13.7978033978206
874035.2,13.5078922261047,1116094.15,13.74274671723
1069874.8,13.7409384927918,1150828.38,13.7506304033713
1531171.6,13.9786055523672,1192432.42,13.7644262020218
607593.4,13.2016062389368,1138350.73,13.7882329289529
1765231.4,14.1585910410561,1128278.4,13.7170812058084
1336042.8,14.0344645425044,1056839.16,13.6953396274114
792625.2,13.4431360793082,1079815.15,13.7652575531958
952719,13.4855150583493,1094198.29,13.6942802975611
656827.2,13.1599705436373,1027600.1,13.6574552945031
1206058.2,13.9471733752158,1154267.8,13.785876463053
1145912.4,13.8218109226926,1058990.78,13.7039700052767
931952,13.5200497393962,1121731.77,13.706040346085
1199021.8,13.9340866813822,1060895.88,13.7080959491625
1275312.4,13.9808105641308,1061101.85,13.6646956500731
1572570.2,14.1017137997838,1128190.83,13.737826140765
969185.2,13.7246662175072,1020563.56,13.6772551200716
860424.4,13.5594771331828,1162221.35,13.8035574692274
901801,13.6596640452838,1011004.16,13.6714622096376
1174700.8,13.8034670794724,1034507.36,13.7057794140931
1482990.2,14.1549114965351,1126430.1,13.7375168593171
878580.4,13.558255591108,1123460.66,13.7256955154274
1287986.2,13.7980683595362,1099146.42,13.7440209823916
972978,13.4555035709996,1040969.42,13.6775041799486
811821.8,13.5427587060436,1155992.78,13.7499497533243
794641.2,13.5365537021624,1080343,13.6902272867411
808239,13.4093092496711,1023571.44,13.6584609387155
1235574,13.6219827495048,1032794.02,13.6811031733305
881584.8,13.404866773051,1069655.95,13.7185526937654
672464.4,13.3905594523697,1144535.99,13.7362512081682
1179352.8,13.6873870763272,1056157.79,13.6564349307821
899274.6,13.6799554587924,1107064.22,13.6907686173085
1020659,13.6933360111651,1106332.83,13.711254091189
877561,13.6335646813451,1131010.03,13.7200281981079
1407898.8,14.0269222318896,1008686.71,13.6752410256536
1322408.2,14.0151744327067,1151791.39,13.7347509993443
1194281.6,13.912161108822,1001318.07,13.6574488327353
907724,13.4455667958212,1037593.6,13.6763550156083
1226865.2,13.885894021509,1005444.32,13.6882759830047
1166093.8,13.9349455675998,1055902.67,13.6883340744353
739787.4,13.4838884987607,1177903.62,13.7389020306521
742257,13.3592927782851,1100331.49,13.6801497893635
982928.8,13.7318107287688,1053954.75,13.7022356597669
2632635.2,14.0844992331928,1063741.25,13.74276624337
1372283.4,14.0067953365874,1105611.37,13.6843872968657
1247222.2,13.8631483729547,1076521.93,13.7448605292343
1170137.6,13.9235246076599,1169826.33,13.7618977560185
1201456.2,13.9005464420949,1003739.13,13.6655143766303
2649731.8,14.1776603451312,1106291.6,13.6920864703152
1254827.8,13.7441257871004,1118730.85,13.7415511022529
880540.4,13.5422999647072,1085783.18,13.6798875639767
464322,12.9641592507988,1060061.66,13.6976609018209
906179.2,13.6244365116456,1138158.47,13.7259084084544
1230082.4,13.9199951907404,1190812.22,13.7953478441329
682839.8,13.3274507795815,1095981.45,13.6865596416939
2684704.2,14.3104041839783,1137257,13.7405526440173
1148812.2,13.8449165740754,1123052.28,13.6797944460632
1847952.6,14.2147392834677,1052518.48,13.6830974467855
908352.6,13.6419482263549,1138091.55,13.7524972559471
1034147.4,13.6950180174813,1150734.73,13.7407703296595
704275.2,13.389012887607,1017963.58,13.7031072998832
1589537.6,14.1841464087493,1037467.48,13.622547046078
972577.6,13.6314680294655,1090929.01,13.7081926174668
2365829.8,13.9882173934038,1108315.64,13.7530447918604
1069893.4,13.7399449849098,1000999.06,13.6675877962155
651712.2,13.3852707987017,1154271.06,13.7117072327736
916156.8,13.6493515508658,1114740.68,13.7040997461136
1566238.2,13.8998206608829,1034742.76,13.7035668870614
1352135.2,13.952254652698,1187627.35,13.773360747477
999990.8,13.6711414807311,1127330.35,13.7193082451795
1446110.2,14.0337249855667,1079134.07,13.6875207721943
940084.8,13.6659025632198,1092395.58,13.7502578397839
936339,13.6545059070436,1060842.57,13.723279701878
1193965.4,13.9374536117738,1046593.29,13.7024078017007
1073284,13.8541023132998,1151165,13.7721781741117
1121399,13.8284085142979,959368.85,13.6229021396811
867381.2,13.6029112381649,1031893.3,13.6858302607414
993172.4,13.6240322937964,1029301.45,13.6512294624537
1114238,13.8669421906456,1160977.14,13.7488906707091
1679435.2,13.9035221339511,1011327.6,13.6415386261857
958215.4,13.6399411490126,1126071.19,13.6831729907366
876377.6,13.6207449833201,1108334.76,13.7046699570713
1065243.2,13.6735049840503,1073294.79,13.6598776645074
584282,13.0871458752182,1196741.78,13.7936859111718
1276944.2,13.9452956547949,1154649.9,13.7461451745852
696466.2,13.4088435273651,1053797.66,13.6884936469993
1151523.6,13.8799738361489,1087659.77,13.6899105670455
1691401,14.2001041595029,1076251.73,13.6862975773398
945119.6,13.6407029325361,1074568.83,13.7296393821846
2609489.6,14.1802330524922,1037321.15,13.6911755400711
834489,13.6230169069944,1120184.38,13.6906205880739
895393.2,13.6382261316113,925529.19,13.5707936200528
2635181.8,14.0995376496167,1016551.88,13.675968616084
1292100.8,13.5583458894225,1015321.69,13.6879661262472
754589.6,13.3729050328493,1044074.07,13.682619460575
721347.8,13.4721213313207,1160005.9,13.7660486097848
1324580.2,14.0633781635494,1068289.88,13.7202176113594
984360.2,13.701165891194,1022886.75,13.6715677570449
1376764.8,14.1140477999763,1081424.1,13.7193611506765
725531,13.4436156298126,955644.74,13.6132518342176
998884.2,13.7774089625529,1114302.08,13.7382476679378
1035395.8,13.6973453084749,1033708.55,13.7124196964921
812026.4,13.4858525594329,1000598.81,13.6365923019386
1569380.2,14.1459406717754,1106781.78,13.7464077953118
1363623.2,14.0625625663959,1190289.7,13.7701409988181
1550658.4,14.0875626343147,1044557.03,13.7015581766976
1446595.2,14.0687849276627,1059161.07,13.72324249903
1209303.2,13.7749869318252,1105203.15,13.692523445966
1295714.2,14.0296434793566,1041859.84,13.6714712383164
1199294.4,13.9164879487336,1160287.04,13.7627890565624
936208.8,13.5904073569686,1098108.84,13.6960343354116
1230345.2,13.8153152405001,1079460.86,13.7313283507747
942950.6,13.7139830293108,1114369.44,13.7110015331192
1119221.6,13.8618670993812,1048016.29,13.6916783853748
682281,13.3621763355679,1115808.84,13.7121375184753
778859.4,13.5118334667159,1105260.42,13.6975967109606
1080865.6,13.7165343903967,1105011.72,13.7591074050115
1100919,13.8171712607003,1038050.65,13.6258439979494
1533468.4,14.0981574019544,1061856.05,13.6735921239252
841247.2,13.2747829658681,1061119.9,13.6369989023246
953384.8,13.6795570461535,1082103.47,13.700229219263
906395,13.5956291039944,1071598.82,13.6549097715181
1071063.6,13.8743040910101,1058709.39,13.7095331289705
1174615.8,13.9511677803569,1062396.31,13.7075849487363
529624.8,13.1044166267878,1021537.21,13.6503880614952
1029029.4,13.6370520977623,1069917.84,13.6781741797005
806062,13.5478786182526,1130181.49,13.7154055382858
826498.6,13.4703650949382,984906.71,13.6764909954323
867189.8,13.5885886537687,1169751.55,13.7626482277905
1062934.4,13.7374364721176,999551.9,13.6556506554868
1744743.6,14.2857533793192,1003102.35,13.6642273571111
2521121.2,14.0715614893665,1126089.49,13.6904882137981
972214.2,13.6279744661301,1077714.41,13.738839590358
1126989.4,13.7936135651257,1168087.71,13.7471131579132
1147291.8,13.7486800781163,1181414.99,13.7941379671888
1198270.6,13.9315392142955,1131720.73,13.7701196732687
853874.8,13.6014024111209,1060388.06,13.690166847113
679126.2,13.3530995446525,1032768.8,13.6479360106166
690740.4,13.3987860917936,1011089.02,13.6656300375556
1173083.4,13.8086167667052,1045790.49,13.6327392717875
895754,13.2637594064153,1049034.6,13.6907001050834
1337342.4,14.0808865924829,1114515.12,13.7326531632863
1135099.8,13.9295929829644,1161841.4,13.7456497427718
1415446,14.1304257836114,991562.08,13.6441003080238
522361,13.0285127866914,1009911.03,13.6546758240187
1180478.2,13.8762205277202,1114528.84,13.7136423040998
801916.4,13.5815762985731,1020186.51,13.6666877645501
1491309.6,13.8357297865488,1099920.09,13.7056196566671
936595.6,13.720298994358,1001697.94,13.646982473377
956933.8,13.6773215184063,1156980.99,13.7711277920834
1282803,13.8848490795616,1108438.69,13.7181781566637
1192959.4,13.8683748745774,1039986.37,13.6836248775839
1261322.2,13.9351776483148,1090447.74,13.7215235618341
690511.6,13.3473192244648,1149038.71,13.7815831846951
1097752,13.7807272528183,1101716.6,13.7409340512994
756335.4,13.4451698372846,1007268.83,13.6642137246143
892647,13.6519795606048,1040714.23,13.6358680781421
839805,13.5772085671276,1076053.03,13.7230332394655
848306,13.5721347018004,1134284.84,13.7452252034909
1425560.6,14.081005437205,1110080.33,13.6942154077537
803612.6,13.5494462985396,1125782.01,13.7423908632776
1342270.2,13.9640665085503,1173708.1,13.7485640401983
1031102.4,13.6309722300614,1103605.57,13.7509599819755
815790,13.5546629262808,1129838.3,13.6891007686727
1140816,13.7356531313844,1032691.49,13.6708776600987
1019969.6,13.7191989263552,1100784.17,13.7009927520406
1230390.8,13.3407188560488,1089216.7,13.6982215745205
2555432.4,14.1815847451974,1127018.31,13.7060529025956
1088716,13.8222620755017,1034045.44,13.6644445234025
759026.2,13.3344865635787,1110911.41,13.7356948575825
958711.2,13.5928697981972,1223604.01,13.7989754108788
1307706.8,14.0693090076443,1040746.53,13.6283905908439
1070393.8,13.7770196567266,1015523.04,13.6456207725335
811790.2,13.5201351382042,1143107.27,13.7280233025256
1024424.6,13.7678083144174,1012800.94,13.6361157335613
1458090,13.9785766250291,1090274.86,13.6911196133734
1261045,13.851443228394,1157873.49,13.7408251735008
968782.2,13.723917481678,1100569.62,13.711850974041
1191548.2,13.9407853645912,1091295.71,13.7420828404435
1472435,13.7623726988768,1011831.77,13.642193548439
1181282.4,13.9611687788545,972338.27,13.6237400438684
1848957.4,14.2448113530935,1086435.63,13.7156701215836
1069648.6,13.8609190482703,1059475.23,13.6625019323103
695782.4,13.2209170094417,1088795.29,13.732039310944
949278.6,13.5738042651846,1144167.04,13.7496925218732
1069663.6,13.7265571644935,1118944,13.7166934422662
1317599,14.0394390377283,1108938.97,13.7053031272833
733509.2,13.4589895609613,995958.85,13.6343086455642
1201692.4,13.8682174481079,1176905.96,13.7648855147439
879168.6,13.6206288317083,1110040.97,13.7276060771698
1459231.2,14.086543983447,1072471.61,13.7437515738203
929752.2,13.615747375213,1067993.8,13.6745360557748
949176.8,13.5772792672846,1136645.17,13.7499791463262
1045633,13.5391324295384,1067050.38,13.7444197035398
936162.2,13.6186421945994,1103539.08,13.6685910774518
948396.6,13.7367080156262,970918,13.6287365968985
1055610.4,13.7460911090782,1160297.64,13.7456687365313
852452.6,13.5656501052563,1085699.27,13.7254693163124
1248966.2,13.8424968801646,1143179.71,13.7265041497625
1017949.8,13.7732063487504,1108194.67,13.7777834477658
1317263.2,14.0476140388564,1120244.39,13.6973929202491
1099060.4,13.8585045052829,1058387.82,13.6753944843374
1235886.4,13.9847450602002,1109489.1,13.7707052583814
673174.2,13.1247676178168,1068105.96,13.6911110538044
824974,13.5544040847812,1079814.94,13.6895032656725
692176,13.4185341836518,1064570.36,13.6602062352921
1298934.6,13.9066147841717,1035040.52,13.6669266360832
1072642.4,13.8037116601864,1168448.04,13.7485875000868
835956.8,13.5987409427639,1096366.99,13.72061923076
734005,13.3908463796087,1199682.95,13.7849717226317
1369559.2,13.9439182506341,1110641.58,13.6984354563408
974197,13.646543449799,1100146.59,13.7314960201626
825309.8,13.6135460197519,1113084.25,13.7099357593509
1195618.8,13.9195524126006,1121392.14,13.7173683200395
1184612.4,13.8935541151599,1136465.24,13.7081215126897
1452529,14.1480743353315,1168170.71,13.7185939679845
1124970.4,13.7269866335389,1029615.41,13.6892612974853
975431.2,13.7718207113268,1104113.45,13.7632673972356
850085.2,13.5743631721902,1033315.52,13.6863033344494
739083,13.2944297193609,1009078.43,13.661227056654
1001883.8,13.6713473428993,1112717.15,13.7709074524336
797008.2,13.5840155727112,1158596.42,13.7408471335884
1091183.2,13.8417287858417,1073411.59,13.7523981591332
903077.4,13.4319203989661,1042155.05,13.698021611801
738723.6,13.4956099571275,1131651.43,13.7685337420613
863574.6,13.5807979197758,1104594.44,13.7003646118524
797526.6,13.4257307458118,1120629.89,13.7202940873286
1240009.2,13.8880329513902,1115409.4,13.7245100520463
711952.2,13.3042112380868,1172297.75,13.7362588349272
959250.6,13.648507231417,1025407.03,13.6984335086677
763497.4,13.4491407332364,1103406.58,13.7123342107978
1568996.8,14.1673280607593,1198425.98,13.7730609727433
1031547.6,13.8230080125952,1124349.93,13.7289780390739
1381739.8,13.9780400003383,1156122.7,13.7431662194086
997052,13.7572855131131,1103300.63,13.7200467092
1398897.4,14.1315241856017,1040768.84,13.6974842775789
800634,13.4272821828415,1070713.22,13.7023414000058
1417443,14.0536933097121,1151309.49,13.7579886989024
902867.4,13.6869827429151,1023885.32,13.6828989260568
857280.2,13.6236787372899,1102353.65,13.6770732958311
827632,13.5877203761664,1015421.72,13.6909449014639
1193763,13.5681973370147,1027717.57,13.6495101219149
1108404,13.8626119422583,993886.2,13.6146385518182
951561,13.7166279880321,1170752.6,13.7505140050355
965913.2,13.5553810752479,1039533.29,13.6804794814539
1018859.4,13.5476733019059,1107343.57,13.740409830723
914265.4,13.6494846265397,1167048.24,13.7370893211816
934472.6,13.7181170302081,1119035.44,13.7853509413266
749536.6,13.4751453952094,1020428.35,13.6720376201921
936411,13.5416986011976,1124086.1,13.7072455701702
815407,13.4086668283602,1174448.76,13.7666114425259
1036776,13.7532434639675,1146060.21,13.7368583718506
799497.2,13.4585539876662,1107623.35,13.7606441654107
893751.8,13.6526562828868,1155328.01,13.7370266522657
1087608.4,13.559903142688,1133872.76,13.7324487023062
1203583.8,13.9514073982375,1162683.81,13.7626836526704
744977,13.3567364633076,1106336.98,13.7460714345453
1070177,13.7894708710825,1116728.5,13.6950088920547
944079,13.6929340452817,1178386.66,13.7778088403986
685304.2,13.4238009394256,1069401.15,13.6477825079293
958901,13.6498786916101,1077415.09,13.696065230112
1413525.8,14.0158187078699,1147833.34,13.7394433231015
692664,13.2500354726363,973949.23,13.6335366018458
805495,13.5317663973949,1033811.78,13.6922945478316
1690465.8,13.9984163906736,1110900.57,13.702763542263
959621.8,13.6168353169907,1047099.4,13.691247084656
1362819.8,14.0235242781878,1014083.76,13.6848841915124
1133844,13.7494012431528,1079334.7,13.708858761718
683788.6,13.3762314369322,1151131.38,13.7411181459155
752136.2,13.3450398307246,1082219.33,13.6890028758204
871734.6,13.4239492029059,1035578.75,13.6896163427384
943206,13.4300862566092,1119715.09,13.7200700574695
1236916.2,13.9176883752913,1066521.82,13.714666491964
1347441,14.0449361796584,1178079.56,13.746716529571
643452.6,13.3303737424667,1141630.95,13.7474725971431
1100337.6,13.8357554223387,1085543.45,13.7033651050551
1165013.4,13.8668210556034,1023115.24,13.641569985254
671908,13.349419364341,1096187.43,13.6721166438891
990586,13.5481256203966,1121588.64,13.7125744928617
971485,13.5739577291545,1131605.62,13.7244789763572
667238,13.3169939385592,1216216.49,13.78817626041
1164700.8,13.8799038958721,1241285.46,13.7943632560597
626876,13.2782656374947,1086692.64,13.6811321623043
990642.2,13.7855664990268,1021705.57,13.696875817967
922836.4,13.6862245730605,1128568.97,13.785727632746
1096206.4,13.7956686194107,1139600.42,13.7267854121821
790761.2,13.4863284058552,1119988.69,13.7489236501386
953437.4,13.5870400501498,1116523.95,13.7173042402179
1088357.4,13.8569147786399,1025941.57,13.6971636522321
995347.8,13.7646178193078,1090636.1,13.6681747753619
1508383.2,13.9782230590957,1163138.62,13.750163709484
863594,13.5390462707354,1146063.32,13.7450310186608
1364320.6,13.9627423773719,1163354.25,13.7383638930114
1111109.6,13.8582920669442,1066197.44,13.7101460737164
1237714,14.0065731084362,1072529.41,13.6549876521319
977476.4,13.682826746915,1131841.08,13.7079135554018
1103104.2,13.8397220124887,1165605.01,13.7783951943376
2008783.4,14.3318567110014,1177836.51,13.7574867592684
1185103.6,13.8280879049091,1095516.77,13.6900407981283
1062873.6,13.7694390279315,1201530.88,13.8026919992662
1133734.2,13.7522488478137,1128381.94,13.7095425780045
1108521.6,13.7663469949294,1071739.45,13.7580537224768
787246,13.5303863129865,1190100.53,13.7903303098706
944911.4,13.6694901181759,998356.25,13.64497036476
951932.4,13.668736556031,1072845.7,13.7167649357958
1189341.4,13.9003166772928,1133286.43,13.710034187958
636449.4,13.3324299034524,1086667.48,13.715691695716
759021.6,13.5349509870484,1068303.73,13.6753264707849
747301.4,13.5046198107739,1074599.29,13.7198055208583
634353.6,13.2951680303086,1131148.61,13.7466694815644
775939.4,13.531683393375,1127918.94,13.7008362917681
1428724.2,14.0661263857853,1063327.56,13.7073859394401
2666338,14.3023580943503,1039747.54,13.7046333865153
746958.2,13.4332045048133,1014164.29,13.6548697166938
769979,13.3074388599971,1112512.09,13.7983331922783
1411066.4,13.8164866986555,1032682.61,13.6893639374788
1184554.6,13.8471150991199,1171112.49,13.7629023187689
890118.6,13.6384814288706,1056137.75,13.7100940537974
1126179.2,13.8871672151333,1102181.94,13.7133015025354
1144005,13.9161737844455,1180677.17,13.7613952170974
953774.2,13.7209635710634,1129595.22,13.7171710560591
1061767.8,13.7703715971662,1162888.19,13.726195822542
843427,13.4564405611313,1120918.15,13.7346565207055
792229,13.4810433884322,1163197.5,13.7513875009559
1590623.4,13.7512503753456,1101056.16,13.7110188134355
768690.8,13.3764664709508,1141829.3,13.7438319227568
3009970.4,14.5019030557588,1086383.24,13.7266797713717
1223251,13.9726744046209,996120.99,13.6506285689877
1143102.8,13.930063779438,1054860.73,13.696953843932
1153695.8,13.8351701149036,1130718.53,13.7430654308174
1446614.4,14.04245213456,1098684.01,13.7423060221091
1341935.8,13.8587773094077,1142205.79,13.7332419875723
1856168.4,14.2501662720753,1052344.38,13.7007631284725
1033710.6,13.4698905188752,1053620.65,13.7214869813172
974605.2,13.6482956754995,1092437.4,13.7305844602291
840808.2,13.3543768718888,1074733.51,13.7005478577313
1174792,13.7494262695217,985246.24,13.678466696334
547157,13.1772775947225,1098976.88,13.7024733000781
1064862.8,13.8219118267547,1025577.62,13.676854899359
649645,13.2739571486909,1061966.65,13.6773474054221
1196437.8,13.9360611843611,1000280.22,13.6312882867278
1311551.4,13.8752074720546,1062322.94,13.6968208137056
1290467.8,13.9977803404639,1080684.47,13.6774587930449
576901.6,13.2238886960963,1113733.04,13.6896935803357
1156035.6,13.8955974145607,1144644.95,13.7408165009134
990275,13.7326366190852,1160935.5,13.7423758388634
728065,13.4720123915418,1048433.67,13.6934470900488
1162511.2,13.8051047587324,1117930.49,13.704581900819
1173966.6,13.8365935912779,1110855.33,13.7113046630877
1235061.8,13.9395644058928,1168653.68,13.7616178712065
1453060.4,13.9583775120977,1104859.62,13.7402398383501
1038781.6,13.6680090237976,1008155.96,13.6543163251068
1318853,13.9030106352489,1049605.68,13.6552557916194
951694.6,13.6488932674316,1101436.55,13.7666898708969
2672343.8,14.3166026142805,1145524.82,13.7663113301476
966051,13.750185576461,1024003.25,13.6810163752914
1490359.4,14.1907816944652,1155215.31,13.7187459991456
1439529.8,13.8375269196444,1068710.73,13.7556155224861
1387071,14.1019983606617,964188.92,13.6354798060028
1176944.6,13.883562529143,1098599.22,13.6849068736341
730765.6,13.4211462615633,1113924.95,13.723597110848
695834,13.3950025374431,1019727.67,13.6820784279247
859215,13.5369340905516,1185371.72,13.7806655617518
655065,13.0639128810717,1028676.48,13.6806576798008
2125475,14.4147506941635,1064733.94,13.737931590147
1110256.2,13.80752749684,1038076.9,13.682817405116
990328.8,13.6269390661485,1019202.61,13.64520320625
819071,13.5360561973448,1046515.66,13.6495893633227
1205777,13.4422728294306,1079797.79,13.7534003941799
783733.6,13.4863707836551,1034344.92,13.680266312248
1067580.6,13.7108272420342,1158012.91,13.7840677821556
1169255.8,13.6637783474913,1206822.84,13.7798264907858
776143.8,13.5073552682125,1076832.43,13.7074730091885
988961,13.5993319159658,956469.3,13.6434476089558
1038453.6,13.8010973254508,1116154.83,13.7232744249528
874931.6,13.6625677801778,1125821.74,13.7370143827237
1984760,14.1538271986899,1149781.3,13.7458378997709
813961.2,13.5501763802304,1124600.47,13.6964334464222
915195.4,13.6678074097195,1107693.63,13.7077937677412
978090.2,13.7459432113918,1044229.05,13.680722354389
1259529,13.9678858952284,1163504.41,13.7343935737018
2251953.2,13.7086263946063,1054463.37,13.6888262195665
1270373.4,14.0467566966015,1092000.99,13.7274552340851
772138.8,13.4092351195894,1015039.43,13.6420539545627
1533357,14.0907341864301,1039277.78,13.705034099359
1349185.8,14.0544391202084,1192507.29,13.7642887922883
1013807.2,13.7988358110248,980349.91,13.6244262161449
1715633,14.2687046412215,1157434.47,13.7237861298647
1122079.6,13.6908571536782,1006324.24,13.6715093010737
1326546.8,14.0344114656075,1069993.7,13.6941087079532
962716.8,13.7366570752104,988012.82,13.6583892707111
458933,12.8152632952766,1097517.41,13.7048874685817
1136561.6,13.8958244935937,1112463.67,13.7572350587887
1038999,13.5190855257586,1056456.07,13.6884340965498
680921.4,13.3657938339218,1113828.69,13.7420635806661
914470.6,13.7124566594282,1032230.9,13.6783070816594
1025995,13.7034007075068,1158686.5,13.7661221432011
1159251.8,13.786273392157,1075014.8,13.6974144568309
922938.4,13.5689101317862,1143471.98,13.7396487789721
1015321.4,13.7795004633936,1217847.39,13.8131196446458
705734,13.3159041017065,1110966.32,13.6969699783772
905236.2,13.4801123953458,1032898.77,13.6521031273426
870504.2,13.4599030473823,1125396.22,13.7292753251666
715269.8,13.4276814589262,1087864.64,13.7240857272149
1269625,13.9840215418238,1076392.21,13.6665284784522
1625666.6,14.1902685149595,1162417.59,13.7570477911206
807772.4,13.5154830804946,1154602.97,13.7425816109119
1300155.6,13.8128047423757,987435.47,13.6222311740298
1219574,13.8900449081833,1083325.03,13.7314176112685
929961.4,13.615716519066,1109502.26,13.6829658349661
1168113.4,13.8764234703505,1047703.95,13.6587267980918
999305.2,13.748872095496,1059730.09,13.6559629961548
921312.4,13.568276483375,1112044.66,13.674748119723
1473022,13.7149567980917,1095264.61,13.6768825123971
1039413.4,13.6925250435732,1094829.93,13.7494756952761
733638.6,13.3819665446155,1136009.27,13.7234727371136
1030384.2,13.7878322514054,1129551.72,13.7708361929436
1369946.8,14.0844163072064,1112644.12,13.7113865901347
1047719.8,13.8351661534693,1060463.23,13.6936303838414
928085.2,13.678711418254,1080829.87,13.7290450899319
988218.8,13.7187480751064,1148849.01,13.7376813352511
1064419.8,13.6729320763004,1113248.67,13.710906651386
848846.2,13.5163960857361,1078250.52,13.7186115124909
802404.8,13.5408813142736,1057598.83,13.6881673906275
2222248.8,13.7132410854649,1047141.53,13.7070356484629
895422.8,13.6529775916711,1108719.02,13.7012085506074
1544262,14.2206188780285,1046020.25,13.7101177916671
1456193.2,14.0487865152781,1143667.19,13.7280009029816
925057.6,13.5902036198019,1059258.67,13.6344483101688
748851.6,13.1031112418048,1088384.76,13.6636704861639
1090159.2,13.8454969319023,1156307.93,13.7613548735497
1704906.8,14.3317941157434,1077231.76,13.7051573535914
2748419.4,14.3564650411038,1135109.18,13.7460605052982
803084.2,13.5139737417713,1042548.53,13.6811298148538
1246966.8,13.9574655313659,1074404.7,13.7247567809365
745917.6,13.3895970293786,1096901.27,13.6605319203969
1106417.2,13.818736604738,1002883.87,13.6712410501293
911608,13.3867594545847,1097259.18,13.7195207935002
1310391.2,13.9569693761054,1057494.51,13.6979942417411
1100277.8,13.7325771135424,1058581.94,13.7180072696347
895933.6,13.5508876245666,1092550.35,13.6857897871085
1471005.4,14.1199530455952,1144081.52,13.7305460673561
790496.8,13.1745750152481,1117360.31,13.7168409204992
830002.8,13.5259819093504,1073129.32,13.6762240154913
855811.4,13.601861864629,1055417.24,13.6567863680419
763577.2,13.4204188662302,1075716.18,13.7126749627274
745016.6,13.4992568756353,1066317.95,13.6915572990943
767694.8,13.5309439034023,1107365.53,13.6816688420197
849852,13.43344980418,1077823.94,13.6585501608159
1056357.8,13.7324542110642,1103527.52,13.7060933295706
783565.2,13.3583701542576,1046427.47,13.6722401894689
1024029.2,13.8213644565349,1058660.64,13.7046414519439
1031807,13.7833053439939,1138763.61,13.7696640494644
1146815,13.7970650920436,1136667.55,13.700963254166
828231.6,13.5976180239884,1206076.91,13.7708747118172
1055229,13.7828734396915,1165781.73,13.7661085647278
1365065.6,13.8565884513995,1093724.8,13.7049072741993
833526,13.4862664247231,1109986.06,13.7563622262452
1377112.2,13.5423080707992,1139654.46,13.7466712517319
854810.2,13.4221289323942,1137810.52,13.7277948944615
1399583.2,13.9834439062982,1071599.28,13.7148214432286
730624.6,13.432497090177,1117004.99,13.769444565334
922906.6,13.7324159641244,1164002.88,13.7454943504615
734657.4,13.2624834241576,1125365.01,13.693111205421
1777929.2,14.2177520179536,1153262.4,13.7440354839647
1006501.2,13.6029910254176,1150412.26,13.7283897261003
694650,13.2892860331573,1058996.3,13.7278984280762
864004.4,13.5099574027209,1127018.94,13.6924155377095
765832,13.3956384134023,1109922.08,13.7102808951402
978755.8,13.66007365445,1112535.45,13.7243564984508
1216465.2,13.8293377076282,959104.29,13.639066541992
1322593.2,14.0302457032485,1040128.41,13.6891498970334
928264.2,13.7155497344013,1203965.63,13.7835024391846
1082356.6,13.7806685701993,1100092.43,13.7107138603504
1178908.2,13.918754685353,916453.07,13.5832455464942
1157080.4,13.8510962145787,1037354.7,13.687660092028
1459621.6,14.093840843461,1143141.21,13.7561735518589
1199194.2,13.9122475905168,1006019.15,13.6468149348433
1041362.2,13.6984740600677,1034983.73,13.6650523577934
1127594.6,13.8971726163479,1077675.28,13.7162617499302
609102.2,13.2389568067791,1129433.81,13.7716903925546
816541,13.4711334822341,1177013.71,13.7866367830731
1136299.4,13.6878537330568,1010375.42,13.6375160053029
593599.4,13.1846898765996,978001.13,13.6616567576813
1025886.2,13.7296918900235,1103915.89,13.7560632902891
1531152.6,14.1440639814286,1018907.36,13.6808390730123
1015672,13.6034768472398,1184920.98,13.7559472434221
1015028.8,13.7800904203263,1074892.57,13.6862735800674
1297477.2,13.9409783038829,981240.85,13.6337628802931
955797.4,13.6358106025005,1059956.19,13.7121690337012
1178529.6,13.8774182691794,1107757.63,13.7191393136532
1122800.6,13.7760744900714,1110852,13.6921968659893
1072508.6,13.6086415347833,1154738.34,13.7186912511195
779221.4,13.3483931507312,1208784.44,13.7946836936947
767994.2,13.3703595245267,1054615.73,13.732198545859
923630.6,13.5685530528725,1017460.71,13.6671687750785
1459469.2,14.0530268258511,1001861.89,13.637893239739
1166185.2,13.9288131740954,1070618.79,13.7103283171088
516944.2,13.1035955831094,1077668.15,13.7043039767378
726099.8,13.4770669999481,1078553.75,13.7178900542224
1301299.6,13.8783172839571,1110988.42,13.6695024349549
810196,13.5256187902798,1021730.91,13.6605983768157
913540.4,13.6913847394014,1100154.1,13.6886197298202
1205009.6,13.9106065760487,1081621.56,13.7692985253123
1305625.8,13.6100489904838,1023825.05,13.6620293327265
857205.2,13.5287753734638,1140297.26,13.7734337742295
874330.8,13.6449694471958,1172996.03,13.7708242042649
867379.2,13.5728890593094,1153905.32,13.7516727767965
1323164.4,14.0087108430765,1033589.8,13.6432274552518
959202.2,13.6196580698767,1072634.2,13.68581922552
791983.2,13.387083186015,1222492.41,13.815038183812
1354447.4,14.0462098635068,1060242.17,13.7072725033645
1078366.6,13.8701632086023,1095845.8,13.6774907316279
689912,13.232429476801,1066210.01,13.7200297606938
1162994,13.6327475777577,1026489.01,13.6759701556114
695918.4,13.2787280677422,1095613.85,13.7679875243486
900729,13.6591017949915,1076584.66,13.6750905681548
496837.2,12.9275978020907,1064336.13,13.7381933858239
1292879,14.0119650611106,1089866.73,13.7652915226647
693476,13.3564728698575,1185751.89,13.7628851035582
1098895,13.8562153404998,1143496.67,13.7142486047016
1423631.8,13.9485977216493,1035606.75,13.6687351357724
733747.4,13.2567887473934,1069310.55,13.7041186968831
1176685.8,13.9650127176887,1101230.24,13.6819855991469
927433.6,13.6683924687988,1018787.67,13.6981514461735
1205520.2,13.8558856433538,1118784.58,13.7350152277802
1629965,14.0977443223517,1005258.85,13.6978471065852
659412.4,13.2732783637174,1087190.37,13.7270534234842
1082056.2,13.8440656453168,1175765.39,13.7744329189472
2723324.6,14.3610254147566,1106274.81,13.6924951388102
1709444.2,14.1876050215583,1126366.34,13.727670847092
1025357,13.8171801903257,1010764.87,13.6738597150836
2569323.4,14.1958787481279,1008730.04,13.6646084834029
2615334.2,14.1834208389098,1027919.39,13.7096746544371
1098015.2,13.6393768312073,1148454.57,13.7358540666957
775831.8,13.1752273842631,1136437.33,13.7461486808374
880128.6,13.6529161630968,1025725.82,13.6400558452161
1170545,13.8067533957802,1024262.96,13.6759929466852
698028.6,13.1524413378592,1079661,13.7357509616473
1507669.8,14.1623803820155,1146186.88,13.7414330302495
776010.6,13.4755199123103,1091328.07,13.7571689989653
1550471.6,14.0691050986922,1012250.13,13.6811611319478
814179,13.3866985556612,1179495.67,13.7510189810964
1253239.6,13.9037394524763,1142824.15,13.7109910556654
751296.2,13.3774058517891,996059.64,13.6688342193042
815770.6,13.5387355578459,986928.07,13.6276013126682
1194197.2,13.8940701729289,1181530.33,13.7487209053067
1119387.6,13.8423297732149,1041477.75,13.639358068852
808210.8,13.4316297440707,1157793.28,13.7392477396246
1092629.2,13.6231467382326,1061806.73,13.7138282861738
832388.6,13.6300874444669,1148423.32,13.731900749642
943575.8,13.6118330477174,1054446.83,13.670511527059
915732.6,13.7009351120775,998558.83,13.6604515001381
699015,13.3793668622982,1064037.75,13.6863019042837
864058.8,13.5280549150627,1040555.43,13.6892289891084
1134280.8,13.6813363260785,1025970.19,13.6777092897612
1248085.2,13.4865356683335,1093136.78,13.6994914160729
1092277.2,13.7751406453242,1001556.51,13.6566288437542
633329.2,13.3104295854506,1022340.9,13.6787717797227
613625.4,13.0838732126757,1011343.43,13.6816958179814
2632337,14.2685276927972,1204196.38,13.7739076232483
1650876.8,14.1195234309897,1119799.83,13.7158054551738
836846.4,13.5976387521778,1171569.1,13.7370362044624
1023259,13.7877307135961,1146537.72,13.7323944857773
1208304.4,13.904136488781,1148919.27,13.7264153889079
1027615.4,13.8021554716383,1094263.91,13.6895918759923
962296.4,13.7049866105621,1046592.58,13.6891171088487
1522253.6,13.8166929550382,1126139.58,13.7045978393267
1080661.2,13.850894335994,1021331.67,13.6552751446128
710572,13.2500646852253,1126259.21,13.72319308291
1442162,14.0132908654309,1022902.35,13.6516677590133
839167.6,13.5475334562547,1046993.05,13.6797719007912
1494168.2,14.1930815357164,1167363.97,13.7450890046453
839289,13.5715097171014,1028444.99,13.6299703461352
780072.4,13.5055178779133,1115368.08,13.7146282272019
516230.2,13.0334140845802,1053538.84,13.663808274472
629081.8,13.2334406670535,1073410.1,13.7252668141875
928476,13.7324100393247,1124601.74,13.7535798702201
1854773.6,14.1868667201063,1126164.77,13.7124174813029
633835.2,13.3333456355181,1104769.84,13.7503143882021
957907,13.7077880671092,1086190.59,13.7162919314061
950714.8,13.7181140463255,1205587.25,13.778543612328
1104459.4,13.8395423875996,1094514.59,13.7161013851502
798249.8,13.2967651055279,1125239.71,13.7119779325141
1298188.8,13.8812383702772,1045854.62,13.7224157265578
1183773.8,13.6819656637566,1001306.33,13.675122600271
1223050.6,13.743781354056,1067858.33,13.6800350460677
1140565.8,13.9201121529342,1158215.15,13.784350253357
1297355,14.0283323360336,1183685.62,13.7785373100069
1212468.6,13.8159802577877,1120443.27,13.6940975269543
736382.6,13.4677723792522,1051306.03,13.6464456501857
1027733.4,13.8062687673754,1052211.61,13.709462058367
1075020.4,13.5681277576497,1036538.84,13.6850816079456
890128.4,13.5667743732866,1172603.94,13.7490665203239
954347,13.4948005245756,1071615.6,13.7399571266485
1230898.6,13.9550689181825,1153324.39,13.7403729813673
780807.6,13.54235512648,1092589.89,13.727730490265
1845681,14.0425114209901,1026818.06,13.6878947227187
1262805.8,13.9652545736309,1064381.37,13.692839650472
2116029,14.4066553713612,1173675.61,13.7608425955799
961809.8,13.4959061180985,959296.97,13.601451633492
1494179.4,14.0816476039681,1035735.21,13.6972953702055
1170731.6,13.7921519079515,1044961.91,13.6884461591
1079209.6,13.8552591647499,1028360.32,13.6705311845004
848074.2,13.5396854368627,999742.5,13.6700374755827
1075437.2,13.7677909845103,1182359.62,13.7816359759136
990706,13.3626156063529,1061571.11,13.6917839276628
847062.8,13.5747864461682,990763.9,13.6297078439749
1119971.8,13.2197140891151,1089828.14,13.6809538316198
733561.6,13.4300765511915,1042751.5,13.6931832314535
905589.2,13.6764468446667,1051052.67,13.7007694709966
1818542.2,14.1912773504402,1068036.32,13.7232121676571
1128968.8,13.8080786798779,1067879.6,13.661695689808
1231053.4,13.9528825648453,1078684.86,13.6906661145767
1643390.8,14.0921870245628,1057557.99,13.6944558537818
1161531.8,13.8731872298716,1110964.05,13.6963272336279
809612.6,13.4783608685411,998948.32,13.6713244260622
1570607.8,14.1575201900322,1088429.88,13.7035362629396
1099629,13.7400929710669,1072885.03,13.7000766522923
845260.2,13.6118332837932,1122348.57,13.6846854780869
1352052.4,13.8911823173257,1010055.44,13.6337666674399
914371.8,13.4478447662428,1142850.76,13.7097447575518
903306.2,13.4971874618929,1110063.11,13.7568709820296
992059,13.4236100171628,1122718.51,13.6926578740018
764427.6,13.3249780174345,1090804.21,13.7595872480058
1474405.2,13.8734066182551,1015789.68,13.6692073967012
877288.2,13.6517988091597,1116606.27,13.7367953371163
886299.2,13.470622635683,1016938.35,13.6784634723132
963468.4,13.7526344632894,1122871.61,13.6942713142697
1619236,14.0188677682316,1210500.37,13.8031947897116
697386.6,13.4184882325444,1084944.68,13.7220268951402
905347.4,13.5763724511092,1123868.62,13.7463238133827
2542062,14.0826638408665,1078270.88,13.6694088420221
1214238,13.9053532641265,1237056.27,13.8260118958128
1124335.2,13.8104844214298,1057197.37,13.6644964041562
1160176.2,13.8705702014708,1104412.28,13.7281869938239
1017398.8,13.5687982624213,1172025.46,13.7607550930633
843660.4,13.5555593880591,1036668.49,13.672912720146
1081819.4,13.8641488945379,1062978.5,13.6810079121919
941834.6,13.7091238706874,1145650.45,13.7595635147009
1061362.4,13.8034760351857,1124418.62,13.7854199857582
1103612.4,13.8532523343573,1006224.44,13.6416317382966
613375.2,13.2472160448642,1136709.68,13.7336713905963
999887.6,13.4768862043347,1104469.87,13.7502816424658
821407.6,13.4869938810142,1132119.31,13.7204748254947
921702.4,13.7124215832494,1040901.1,13.7188784232616
1230844,13.9873175254146,1123222.17,13.7078426075472
1279954,14.0288528032601,1063607.3,13.6959291357097
970184,13.6608663272223,1058668.23,13.6578862414904
934014.2,13.526163513507,1131165.33,13.6918454680737
1112020.8,13.8199483704283,1136122.35,13.7347976631623
1308206.8,13.88928460482,1059990.13,13.720182775916
1251403.8,13.8921183309964,1118239.2,13.7622721343948
1184482,13.8235989813213,1135788.26,13.7276141033364
830807.6,13.430470709095,1145164.82,13.7922138948075
916714.4,13.6488248436994,1020719.98,13.6649222697978
911470.4,13.6284491243454,1097956.41,13.7584493431337
713556.8,13.404579500658,1060157.07,13.7107695420197
1111171.6,13.9031667125257,1160991.95,13.7512351589523
1012258,13.8158574225689,1145830.02,13.7639424615889
754854.4,13.3545116895423,1139722.77,13.7324292813809
1156177.4,13.8111688974246,1073074.5,13.6931819256489
1001722.8,13.6243518708399,1020955.39,13.6931692503164
1339086.2,13.9573411975872,1100719.46,13.7211111390205
1070078.6,13.7091773374775,1057644.81,13.6824505284258
1191814.6,13.5172590299169,1045954.88,13.6997000653077
918552.6,13.584316139323,1055187.8,13.6542003520704
1129420,13.8895043885811,933476.31,13.5936502402094
1404795.6,13.994236832249,1079219.67,13.7399739602733
1331574.2,13.9926800061346,1096657.01,13.6769238679955
709174.8,13.332024473615,1138130.23,13.7318013315753
832920,13.5929643991612,1129113.64,13.7246003005589
1223684,13.8613714970392,1026721.44,13.6651786057576
905537.2,13.6527505974161,1069998.33,13.6964167974702
1085798.8,13.8244483022294,1057162.49,13.6926412749527
923914.2,13.5310552619187,1196761.82,13.8019712500768
1514008.2,14.1271105953658,1112295.49,13.6841418659729
804839.4,13.4220438202212,1090436.66,13.696852861086
1558459.6,13.9869892656954,1166158.92,13.7451762252891
1028704.8,13.6193260794809,1149765.85,13.750616687847
716573.6,13.3138724028951,1139656.45,13.7585311696065
1755138,14.1254492834706,1164835.95,13.7460718587716
1178571.4,13.8681025625087,1188272.18,13.7772811575476
1405140.2,13.5380554804458,1036464.6,13.6754334857951
806874.8,13.5384280713268,1089402.84,13.7274725479976
793272.8,13.5674925684923,1106279.49,13.7643069902488
1084783.2,13.6854512163362,1165125.38,13.7505722088306
940562.2,13.6204239287681,1186650.57,13.758848553897
858394.4,13.5734281221276,1149134.87,13.7148359768344
1396601.8,13.6936783806801,1024073.64,13.6534707790822
2116435.8,14.4032720911454,1043639.24,13.6861231197845
1552606.4,14.1247284882839,1144494.03,13.698728744923
1256111,13.7769628403356,1120150.68,13.7095016082046
1050430.2,13.8413097090094,1073491.06,13.6762038037645
724472.6,13.1495054453031,999003.55,13.6555112711347
968534.4,13.6443184594571,1174191.03,13.8029705324909
1011623.2,13.5955907924276,1106844.22,13.707063782163
772481,13.4558393898155,1028306.49,13.6891753635493
1434998.8,14.0415347483604,1081470,13.7029659817428
814351.6,13.5914379618229,1111688.76,13.730398414209
923541.4,13.710340284004,1183825.75,13.7570927125258
1010770.8,13.7506846112508,1035929.2,13.7042214242043
885215.8,13.4701557613118,1085741.12,13.7602411505242
1505076,14.1194943848755,1085899.63,13.7442528288579
1071782.4,13.8230368613254,1105770.14,13.696409335501
1127863.4,13.7088326241499,1175858.56,13.7673105048614
1000143.4,13.6006155219576,1071967.04,13.7421846515067
594959.6,13.0673669651003,1108637.65,13.694014804385
1425226.8,14.0563398641475,1116642.57,13.7168200023505
1490960.4,13.9962019616936,1201032.13,13.796207574065
1488140.8,13.8341717001078,1099937.2,13.712407437815
804899,13.3848997911232,1137990.71,13.7144678119061
1132210,13.8567461299419,1163296.67,13.7586067044883
1398632.8,14.0254228681586,1063228.93,13.7047196602661
1351469.2,14.0335774419258,1105481.87,13.6838361981517
1108610.6,13.6961781092874,1055061.21,13.6787250775655
1248470.4,13.951903985666,1157286.04,13.7609575550088
851391.4,13.55674817214,1117298.14,13.7413442697679
1342076.2,14.0039330495846,1080189.64,13.7354861897806
1767735.6,14.0570406273425,1037959.61,13.7105100137703
716994.2,13.4723310569262,1020652.24,13.6705222174841
1046197.2,13.6701658946808,1065410.88,13.7231430891813
689926.8,13.4304379793762,1186914.53,13.7931655207141
761994.8,13.5185020522006,1029855.38,13.6902098366462
832606,13.4784098840407,1196090.83,13.7958250538866
874636.6,13.4531532627263,1120398.11,13.7081440172098
1754306,14.3111633857155,1082485.32,13.7404958951422
1059878,13.7371878397987,1069187.39,13.647617758415
1105763.8,13.6441394522584,1103841.99,13.698438333962
1031444.8,13.6555762698905,1019756.54,13.6557854139211
1026007,13.77256326676,1162408.33,13.7478867529212
727809.8,13.3548431872096,1069111.55,13.6480019574405
1210287,13.8992359898648,1063899.16,13.7407362753346
1375581.8,14.0432506579391,1153980.67,13.7070634937856
618841.8,13.3311184059791,1153668.03,13.7430802383952
615931.2,13.0988239039321,1014024.27,13.681858352028
785655.2,13.4022208104158,1127786.9,13.7116468354358
812441.4,13.5553627271398,1019437.3,13.6622381769797
969485.8,13.7598623353376,1057753.91,13.6435672561867
865521.4,13.4864730594976,1105924.46,13.7054741868302
889416.8,13.6648014618797,1092305.44,13.6736022901171
1057493,13.6477547180355,1073979.55,13.7040362752595
1147006.8,13.7857105194496,959845.52,13.628999596704
1169254.6,13.529390881752,1089939.54,13.7627852922087
1240388.6,13.8971284641933,1096381.63,13.741162517102
647312,13.3635407462193,1032984.8,13.7177109369553
1251873.6,14.0069233567793,1111718.8,13.6917035895765
855360,13.6404442718919,1118286.85,13.6945387574337
923180,13.4627819842763,968861.81,13.644141988578
1068465.2,13.7527863266727,1053351.91,13.6999696461781
1059905.4,13.7031734026226,1116536.08,13.763559061994
806071.2,13.547567614889,1062647.95,13.7139312353745
1558987,14.0967146459747,1054540.79,13.667848430548
1314480.8,14.0097026454435,1100234.55,13.6931156885749
1171549.8,13.8350122059902,1017213.83,13.652320078464
763314.6,13.484062442172,1109361.88,13.6880327321748
906132.6,13.5666286535687,1019102.15,13.6950911195074
1044753.8,13.5566166572451,1056006.39,13.6893205172838
747018.4,13.3117083142255,1144426.48,13.7290238663095
768705.4,13.351224435638,1055383.25,13.7353385069971
1718254.2,14.1339121148082,1144056.13,13.7511265186481
2878562.4,14.4940224774646,1005851.49,13.6627294574974
2007642.8,14.2447755427975,1132241.37,13.7198554010022
2397341.4,13.835364781956,1043072.74,13.6560001376817
940562,13.6866219110379,1056448.76,13.7273709453952
783634.8,13.3773362255421,1147499.48,13.7700243675112
851957.2,13.5965794412004,1152185.54,13.7329781437122
1350575.4,13.8301364616098,1022464.87,13.6899727073105
955166.8,13.7225354567979,1117551.97,13.6769542117745
1006549,13.7438280707959,1108192.19,13.7190159055716
827774.6,13.569240093638,1127232.57,13.6902290519674
1009770.6,13.5250294162732,1084492.7,13.733094284211
928158.2,13.5961909710823,1089448.27,13.6571021516551
783436.4,13.5113078196821,1035593.4,13.6955287850092
897737.8,13.6624996447175,993874.88,13.6564149323768
758166.8,13.4652108369907,1146518.97,13.757158544588
1272963.8,14.004819914377,1062789.36,13.7219982712021
1273629,13.8079055798029,1031232.02,13.650756140106
1515728.8,14.2018763090812,1073773.81,13.6969980578724
1000381.8,13.7598148336444,1128582.07,13.7412421525197
1109467.4,13.7545625890906,1031003.32,13.6695715102887
1243359.8,14.0223593736209,1232830.49,13.7906145453554
909320.6,13.6559574598762,1050308.49,13.6385646059061
914895.8,13.2230610200853,1097722.78,13.7301975526522
543257.8,13.1834035027449,1124594.72,13.728513645827
1030514.8,13.7090565716142,1069507.01,13.7255621475334
1243499.8,14.0260766271043,1123348.2,13.7005589694593
1228129.4,13.6755267023564,1043748.13,13.7117713375578
1390987.2,13.9743668076909,1062013.26,13.7101470845616
667733.6,13.371621779875,1191462.34,13.786522627165
1234764.4,13.8431881263252,1166493.22,13.7427172139686
969750.6,13.6596096039727,1174320.51,13.7578107955471
999378.4,13.4828565943976,1131375.68,13.7341260820171
1090588.6,13.7748465474347,1201341.51,13.7629352537067
829798.8,13.4317339562859,1010385.51,13.6465777932859
814976,13.5409482324265,1179689.53,13.7800592033956
1149213,13.8742135149153,1022033.07,13.6457646374372
1067433.2,13.6874323956336,1177516.66,13.776122271972
757458,13.4585648055126,1123086.02,13.712201439886
838379,13.5344346818132,1189693.61,13.7623666849865
782775,13.1987813122889,1066940.47,13.6961536519602
891990,13.4211191524355,1163620.53,13.7599112095387
883958.8,13.5728548653699,1129452.31,13.738575964123
1534882,13.9291558849124,1061838.43,13.6971854351596
1624143,13.9533313576052,1160836.25,13.7574397110003
1010798.8,13.6771578574896,1077918.25,13.73263101673
1201620,13.8902971966383,1007093.89,13.6882518505657
1161779,13.7879504851787,1018522.19,13.6473757267266
1032529.8,13.7263590467675,1098043.28,13.7103507154428
782460.6,13.4873414790825,1023038.1,13.6862824839492
1845188,14.1684873329653,1100835.39,13.682628137223
671867.6,13.1271265373339,1077273.89,13.6929954584971
860422.6,13.3727634898484,1090163.76,13.7272088985576
720658.8,13.354303316796,1125308.53,13.7367080170004
936042.4,13.7073007096672,1107577.41,13.7446856266303
963711.4,13.7320178141831,1181696.1,13.7714320534315
992647.8,13.7438469344343,964171.44,13.6212763521659
1344093.2,14.0498380938339,1090209.07,13.7141523478959
1271799.8,13.8940448989187,1197713.67,13.7878036336892
1081820,13.8569945450562,1013248.78,13.6731091772843
1140701.4,13.8797395970192,1046008.35,13.6980763606447
1005711.4,13.6388052918053,1173211.54,13.8208109045013
1050590.8,13.8098933006764,1128264.99,13.702172405145
1056266.4,13.8135558250976,1111508.87,13.7023431882232
1513497,13.8291642443665,1050921.12,13.7005773147778
1203712,13.8870606104959,1048296.47,13.6171499135139
1312756.8,13.9428321845983,1018130.24,13.6861331380041
878441,13.4779132070608,1040925.08,13.7113475934804
1135371.4,13.7849527512438,1100262.54,13.7395206816112
1039583.6,13.7627047775002,1060973.86,13.7051687578984
560535.8,13.2167334873139,1114139.38,13.707896985759
1162254.4,13.8048842498956,927242.61,13.5769506323151
815162.2,13.5394032627722,1039443.63,13.6988133507594
1167119,13.9165641498637,1028029.27,13.6852892174637
2414657.2,14.0023554947315,1095904.99,13.7363190946718
959751.4,13.6779012748407,1045491.89,13.714238914962
982613.4,13.7500335672936,1122825.1,13.7124366276198
2790325.4,14.4097938242944,1130907.45,13.7097511995676
1313562.2,14.020786561252,1202139.81,13.8113053815113
955073.8,13.7491040479203,1072767.38,13.7129505627666
986111.4,13.7349095368018,1007834.95,13.6517502806501
931335.6,13.5552268551805,1029966.62,13.6977787499671
910990.8,13.7147594822498,1015617.1,13.6642227326777
690855.4,13.3663189317651,1157536.7,13.724296976365
847326.8,13.5821204244047,1114718.94,13.7329939282012
1040832.8,13.8040660981959,1061899.71,13.6592391065661
950377.6,13.6824275905102,1005905.13,13.6853177484135
1016285.8,13.6864590810663,1039966.38,13.6759194840396
821766.6,13.5708638225004,1081182.78,13.6647292329151
974106.6,13.6872586882106,1085007.95,13.6614283853147
1042210.6,13.7609795443797,1027808.88,13.6877132273607
843768.8,13.616562016916,1084405.95,13.6787238611167
919659.6,13.6176953150583,1112849.59,13.7326444271959
767439.4,13.4690904678204,1097447.4,13.6869074276105
815976.6,13.2612370892902,1180001.35,13.7753441181905
601793.4,13.0299781759907,1053900.77,13.6871198441478
1143387.4,13.7867091888452,1198394.23,13.7911241309312
1064011.2,13.712969679341,1011021.48,13.6668816196465
685760.4,13.3890245199286,1037470.73,13.666236821707
1034720.4,13.7676261551405,1067196.24,13.6523355368076
1068207.2,13.8505772652944,984012.9,13.6569714422113
912875.4,13.7044198168537,1128315.7,13.7289701899226
951775.8,13.7538153769886,1106738,13.7098600910577
1305985.2,13.9563522218313,1117550.35,13.731013712884
1070865.6,13.8678791050585,1137510.99,13.7503735323684
683184.4,13.3370521433993,1168003.18,13.7673450248596
787706,13.3956653321744,1021231.27,13.6679624872303
1263279.2,13.9994638509802,1130466.16,13.7460861450381
1266859,13.7574245033473,1121443.06,13.7048032479749
754670.2,13.1273381141898,1023291.2,13.6472187891484
1095850.2,13.7788116079767,1108713.17,13.7381777559109
856792.8,13.6266695917705,1064528.14,13.6740893767338
1311705.2,14.0335971158627,1186945.02,13.7728189982187
1032612.2,13.7569209938824,1026368.2,13.6694666344224
3384876.6,14.7492817423948,1082409.5,13.70492655913
1881655.4,14.2557941326728,1173653.44,13.769640463251
1465651.6,14.02899454723,1043471.84,13.6453521610581
1564392.6,14.163459661887,1039441.81,13.6782210689339
984888.8,13.6083064217978,957717.87,13.6107549639357
737356.2,13.4918582017894,1109652.21,13.7501429805449
559643.6,13.1231266398145,1219266.82,13.798613997676
1542113.8,13.8762968979264,1079072.47,13.7348797394972
1034024.6,13.7012417005517,1147406.07,13.7467102988916
676629,13.1085370970185,1169177.89,13.782428598343
1040129.4,13.7556655914397,1109136.96,13.6994061610721
1012396,13.8050551829811,1095885.57,13.7067236274239
603027,13.0210230633197,1005376.45,13.686506512634
953208.2,13.7316468138414,1063247.55,13.7218197954976
1204907.2,13.9061877928061,1075760.89,13.7402703390469
1318667.6,14.0479385505099,1073234.38,13.6875746685938
1154245.6,13.8363073460472,1040263.43,13.6968953525564
1015422.6,13.7890439531324,1031148.16,13.6709810544065
1012554.8,13.7794223471686,1079803.86,13.7069015419673
823426,13.5160842658917,1084509.42,13.7080508104065
1234534.8,13.9821581780737,1155331.63,13.7159908032863
806026.8,13.3905256508438,1067486.88,13.7337520580693
1382337,14.0428379803206,1094615.86,13.7241153605871
2681065.4,14.2558604012351,1074482.13,13.7402490066873
834888.6,13.5236238614426,1043593.09,13.6912669579832
811128.2,13.5005588856792,1044408.83,13.6395056654113
1634246,14.0524833872352,1175104.94,13.7731154938952
1183636.6,13.8340496634565,1109711.66,13.774140114859
